DELETE FROM TransactionRecord;
DELETE FROM Loan;
DELETE FROM Account;
DELETE FROM Employee;
DELETE FROM Customer;
INSERT INTO Customer (customer_id, customer_name, id_card, phone, city, address, open_date) VALUES
('C00001', N'张伟', '110101199001011234', '13800001001', N'北京', N'北京市朝阳区建国路100号', '2020-03-15'),
('C00002', N'李娜', '110102199105152345', '13800001002', N'北京', N'北京市海淀区中关村大街1号', '2020-05-20'),
('C00003', N'王强', '310101198812103456', '13800001003', N'上海', N'上海市浦东新区陆家嘴路200号', '2020-01-10'),
('C00004', N'刘芳', '310102199203204567', '13800001004', N'上海', N'上海市静安区南京西路300号', '2020-07-08'),
('C00005', N'陈明', '440101199306155678', '13800001005', N'广州', N'广州市天河区体育西路50号', '2020-02-28'),
('C00006', N'赵丽', '440102199408016789', '13800001006', N'广州', N'广州市越秀区北京路88号', '2020-09-12'),
('C00007', N'孙磊', '510101198704258901', '13800001007', N'深圳', N'深圳市南山区科技园路1号', '2020-04-05'),
('C00008', N'周静', '510102199509109012', '13800001008', N'深圳', N'深圳市福田区华强北路99号', '2020-11-18'),
('C00009', N'吴鹏', '330101199107200123', '13800001009', N'成都', N'成都市武侯区人民南路三段5号', '2020-06-22'),
('C00010', N'郑敏', '330102199210252234', '13800001010', N'成都', N'成都市锦江区春熙路168号', '2020-08-30'),
('C00011', N'冯涛', '420101198903183345', '13800001011', N'杭州', N'杭州市西湖区文三路258号', '2020-12-01'),
('C00012', N'褚霞', '420102199407144456', '13800001012', N'杭州', N'杭州市滨江区江南大道666号', '2021-01-15'),
('C00013', N'卫东', '320101198511295567', '13800001013', N'武汉', N'武汉市洪山区珞喻路100号', '2021-02-20'),
('C00014', N'蒋红', '320102199612086678', '13800001014', N'武汉', N'武汉市武昌区中南路50号', '2021-03-10'),
('C00015', N'沈刚', '610101199008117789', '13800001015', N'西安', N'西安市雁塔区长安南路300号', '2021-04-25'),
('C00016', N'韩燕', '610102199303228890', '13800001016', N'西安', N'西安市碑林区友谊西路88号', '2021-05-18'),
('C00017', N'杨波', '320201199105099001', '13800001017', N'南京', N'南京市鼓楼区中山北路20号', '2021-06-30'),
('C00018', N'朱婷', '320202199410161112', '13800001018', N'南京', N'南京市建邺区江东中路150号', '2021-07-22'),
('C00019', N'秦风', '500101199206231223', '13800001019', N'重庆', N'重庆市渝中区解放碑步行街8号', '2021-08-14'),
('C00020', N'许洁', '500102199511081334', '13800001020', N'重庆', N'重庆市江北区观音桥街道99号', '2021-09-05'),
('C00021', N'何勇', '110103198707191445', '13800001021', N'北京', N'北京市丰台区方庄路33号', '2021-10-12'),
('C00022', N'吕梅', '310103199612271556', '13800001022', N'上海', N'上海市徐汇区衡山路66号', '2021-11-08'),
('C00023', N'张斌', '440103199104081667', '13800001023', N'广州', N'广州市海珠区新港西路135号', '2021-12-20'),
('C00024', N'施萍', '510103199509191778', '13800001024', N'深圳', N'深圳市罗湖区深南东路200号', '2022-01-06'),
('C00025', N'李强', '330103198809251889', '13800001025', N'成都', N'成都市金牛区一环路北段50号', '2022-02-14'),
('C00026', N'王丽', '420103199310309990', '13800001026', N'杭州', N'杭州市拱墅区莫干山路100号', '2022-03-28'),
('C00027', N'赵军', '320203199106111001', '13800001027', N'南京', N'南京市栖霞区仙林大道163号', '2022-04-16'),
('C00028', N'马艳', '610103199408222112', '13800001028', N'西安', N'西安市未央区未央路180号', '2022-05-09'),
('C00029', N'宋平', '420201199207051223', '13800001029', N'武汉', N'武汉市江汉区解放大道688号', '2022-06-23'),
('C00030', N'唐琳', '500103199501181334', '13800001030', N'重庆', N'重庆市沙坪坝区沙正街174号', '2022-07-31'),
('C00031', N'黄亮', '110104199009081445', '13800001031', N'北京', N'北京市通州区新华大街99号', '2022-08-15'),
('C00032', N'曹丽', '310104199412121556', '13800001032', N'上海', N'上海市杨浦区五角场路55号', '2022-09-22'),
('C00033', N'邓明', '440104199106091667', '13800001033', N'广州', N'广州市白云区白云大道北166号', '2022-10-08'),
('C00034', N'彭芳', '510104199511091778', '13800001034', N'深圳', N'深圳市龙岗区龙翔大道99号', '2022-11-16'),
('C00035', N'肖强', '330104198812251889', '13800001035', N'成都', N'成都市成华区建设路55号', '2022-12-24'),
('C00036', N'田秀', '420104199404059990', '13800001036', N'杭州', N'杭州市上城区延安路200号', '2023-01-10'),
('C00037', N'董伟', '320204198907170001', '13800001037', N'南京', N'南京市江宁区双龙大道500号', '2023-02-18'),
('C00038', N'袁芳', '610104199304281112', '13800001038', N'西安', N'西安市长安区西长安街300号', '2023-03-06'),
('C00039', N'蔡明', '420202199209131223', '13800001039', N'武汉', N'武汉市青山区和平大道800号', '2023-04-14'),
('C00040', N'贾静', '500104199412221334', '13800001040', N'重庆', N'重庆市南岸区南坪西路100号', '2023-05-20'),
('C00041', N'丁勇', '110105199108191445', '13800001041', N'北京', N'北京市大兴区兴华大街88号', '2023-06-08'),
('C00042', N'薛婷', '310105199510101556', '13800001042', N'上海', N'上海市普陀区长寿路155号', '2023-07-26'),
('C00043', N'叶强', '440105199010181667', '13800001043', N'广州', N'广州市番禺区市桥街20号', '2023-08-12'),
('C00044', N'阎洁', '510105199506161778', '13800001044', N'深圳', N'深圳市宝安区宝安大道200号', '2023-09-08'),
('C00045', N'余明', '330105199105151889', '13800001045', N'成都', N'成都市双流区航空路66号', '2023-10-16'),
('C00046', N'潘芳', '420105199306289990', '13800001046', N'杭州', N'杭州市临平区东湖路150号', '2023-11-22'),
('C00047', N'戴军', '320205199008201001', '13800001047', N'南京', N'南京市雨花台区安德门大街5号', '2024-01-08'),
('C00048', N'夏红', '610105199309091112', '13800001048', N'西安', N'西安市灞桥区纺织城西街2号', '2024-02-14'),
('C00049', N'范涛', '420203199108181223', '13800001049', N'武汉', N'武汉市东西湖区吴家山街88号', '2024-03-20'),
('C00050', N'方敏', '500105199508201334', '13800001050', N'重庆', N'重庆市渝北区龙溪镇街道200号', '2024-04-26');
INSERT INTO Employee (employee_id, employee_name, position, department, phone, hire_date, branch) VALUES
('T0001', N'陈建国', N'行长', N'管理层', '13900010001', '2018-01-10', N'北京总行'),
('T0002', N'王建国', N'副行长', N'管理层', '13900010002', '2018-03-15', N'北京总行'),
('T0003', N'李明华', N'部门经理', N'信贷部', '13900010003', '2018-06-20', N'上海分行'),
('T0004', N'张秀英', N'部门经理', N'储蓄部', '13900010004', '2019-02-10', N'广州分行'),
('T0005', N'刘志强', N'客户经理', N'客户部', '13900010005', '2019-05-15', N'深圳分行'),
('T0006', N'赵文博', N'客户经理', N'客户部', '13900010006', '2019-08-20', N'成都分行'),
('T0007', N'孙晓峰', N'柜员', N'营业部', '13900010007', '2020-01-05', N'北京总行'),
('T0008', N'周丽华', N'柜员', N'营业部', '13900010008', '2020-03-10', N'上海分行'),
('T0009', N'吴志远', N'柜员', N'营业部', '13900010009', '2020-05-15', N'广州分行'),
('T0010', N'郑海龙', N'柜员', N'营业部', '13900010010', '2020-07-20', N'深圳分行'),
('T0011', N'冯雅琴', N'信贷员', N'信贷部', '13900010011', '2020-09-01', N'杭州分行'),
('T0012', N'褚建国', N'信贷员', N'信贷部', '13900010012', '2020-11-10', N'武汉分行'),
('T0013', N'卫志强', N'风控经理', N'风控部', '13900010013', '2021-01-15', N'西安分行'),
('T0014', N'蒋丽萍', N'风控专员', N'风控部', '13900010014', '2021-03-20', N'南京分行'),
('T0015', N'沈国栋', N'IT经理', N'信息技术部', '13900010015', '2021-05-10', N'北京总行'),
('T0016', N'韩雪梅', N'开发工程师', N'信息技术部', '13900010016', '2021-07-15', N'北京总行'),
('T0017', N'杨志明', N'财务经理', N'财务部', '13900010017', '2021-09-01', N'上海分行'),
('T0018', N'朱晓峰', N'会计', N'财务部', '13900010018', '2021-11-10', N'成都分行'),
('T0019', N'秦海燕', N'大堂经理', N'营业部', '13900010019', '2022-01-05', N'重庆分行'),
('T0020', N'许文强', N'安保经理', N'安保部', '13900010020', '2022-03-15', N'北京总行');
INSERT INTO Account (account_id, customer_id, account_type, balance, status, open_date, branch) VALUES
('A00000001','C00001',N'活期储蓄',85000.00,N'正常','2020-03-20',N'北京总行'),
('A00000002','C00001',N'定期储蓄',200000.00,N'正常','2021-01-15',N'北京总行'),
('A00000003','C00002',N'活期储蓄',32000.00,N'正常','2020-05-25',N'北京总行'),
('A00000004','C00002',N'定期储蓄',150000.00,N'正常','2021-06-10',N'北京总行'),
('A00000005','C00003',N'活期储蓄',450000.00,N'正常','2020-01-15',N'上海分行'),
('A00000006','C00004',N'活期储蓄',78000.00,N'正常','2020-07-15',N'上海分行'),
('A00000007','C00004',N'定期储蓄',300000.00,N'正常','2022-02-20',N'上海分行'),
('A00000008','C00005',N'活期储蓄',120000.00,N'正常','2020-03-05',N'广州分行'),
('A00000009','C00006',N'活期储蓄',55000.00,N'正常','2020-09-18',N'广州分行'),
('A00000010','C00006',N'定期储蓄',250000.00,N'正常','2021-08-05',N'广州分行'),
('A00000011','C00007',N'活期储蓄',210000.00,N'正常','2020-04-10',N'深圳分行'),
('A00000012','C00007',N'定期储蓄',500000.00,N'正常','2022-05-15',N'深圳分行'),
('A00000013','C00008',N'活期储蓄',34000.00,N'正常','2020-11-22',N'深圳分行'),
('A00000014','C00009',N'活期储蓄',95000.00,N'正常','2020-06-28',N'成都分行'),
('A00000015','C00009',N'定期储蓄',180000.00,N'正常','2021-12-10',N'成都分行'),
('A00000016','C00010',N'活期储蓄',67000.00,N'正常','2020-09-05',N'成都分行'),
('A00000017','C00011',N'活期储蓄',143000.00,N'正常','2020-12-08',N'杭州分行'),
('A00000018','C00012',N'活期储蓄',28000.00,N'正常','2021-01-20',N'杭州分行'),
('A00000019','C00012',N'定期储蓄',120000.00,N'正常','2022-08-15',N'杭州分行'),
('A00000020','C00013',N'活期储蓄',89000.00,N'正常','2021-02-25',N'武汉分行'),
('A00000021','C00014',N'活期储蓄',51000.00,N'正常','2021-03-15',N'武汉分行'),
('A00000022','C00014',N'定期储蓄',160000.00,N'正常','2022-11-20',N'武汉分行'),
('A00000023','C00015',N'活期储蓄',105000.00,N'正常','2021-04-30',N'西安分行'),
('A00000024','C00016',N'活期储蓄',43000.00,N'正常','2021-05-22',N'西安分行'),
('A00000025','C00016',N'定期储蓄',220000.00,N'正常','2022-06-08',N'西安分行'),
('A00000026','C00017',N'活期储蓄',175000.00,N'正常','2021-07-05',N'南京分行'),
('A00000027','C00018',N'活期储蓄',62000.00,N'正常','2021-07-28',N'南京分行'),
('A00000028','C00018',N'定期储蓄',350000.00,N'正常','2023-01-10',N'南京分行'),
('A00000029','C00019',N'活期储蓄',138000.00,N'正常','2021-08-20',N'重庆分行'),
('A00000030','C00020',N'活期储蓄',47000.00,N'正常','2021-09-10',N'重庆分行'),
('A00000031','C00020',N'定期储蓄',190000.00,N'正常','2023-04-20',N'重庆分行'),
('A00000032','C00021',N'活期储蓄',225000.00,N'正常','2021-10-18',N'北京总行'),
('A00000033','C00022',N'活期储蓄',39000.00,N'正常','2021-11-15',N'上海分行'),
('A00000034','C00022',N'定期储蓄',280000.00,N'正常','2023-07-05',N'上海分行'),
('A00000035','C00023',N'活期储蓄',168000.00,N'正常','2021-12-25',N'广州分行'),
('A00000036','C00024',N'活期储蓄',72000.00,N'正常','2022-01-12',N'深圳分行'),
('A00000037','C00025',N'活期储蓄',195000.00,N'正常','2022-02-20',N'成都分行'),
('A00000038','C00025',N'定期储蓄',420000.00,N'正常','2023-10-12',N'成都分行'),
('A00000039','C00026',N'活期储蓄',58000.00,N'正常','2022-04-02',N'杭州分行'),
('A00000040','C00027',N'活期储蓄',112000.00,N'正常','2022-04-20',N'南京分行');
